tt,recId,year,month,day,angle
638642,110,-2964,7,5,4
638643,110,-2964,7,6,3
638644,110,-2964,7,7,2
638645,110,-2964,7,8,1
638646,110,-2964,7,9,0
638647,110,-2964,7,10,0
645592,110,-2945,7,16,5
653251,110,-2924,7,4,5
653252,110,-2924,7,5,4
653253,110,-2924,7,6,4
671889,110,-2873,7,15,3
671890,110,-2873,7,16,4
671891,110,-2873,7,17,5
686495,110,-2833,7,11,0
686496,110,-2833,7,12,0
686497,110,-2833,7,13,1
686498,110,-2833,7,14,2
686499,110,-2833,7,15,3
686500,110,-2833,7,16,4
695262,110,-2809,7,12,0
695263,110,-2809,7,13,1
695264,110,-2809,7,14,2
695265,110,-2809,7,15,3
695266,110,-2809,7,16,4
695267,110,-2809,7,17,5
701101,110,-2793,7,7,4
701102,110,-2793,7,8,3
701103,110,-2793,7,9,2
701104,110,-2793,7,10,1
701105,110,-2793,7,11,0
701106,110,-2793,7,12,0
712796,110,-2761,7,14,2
715710,110,-2753,7,6,5
715711,110,-2753,7,7,4
715712,110,-2753,7,8,3
727402,110,-2721,7,10,2
727403,110,-2721,7,11,1
727404,110,-2721,7,12,0
734349,110,-2702,7,17,4
734350,110,-2702,7,18,5
736165,110,-2697,7,7,5
736166,110,-2697,7,8,4
736167,110,-2697,7,9,3
736168,110,-2697,7,10,2
742009,110,-2681,7,7,5
742010,110,-2681,7,8,4
742011,110,-2681,7,9,3
748957,110,-2662,7,15,2
748958,110,-2662,7,16,3
748959,110,-2662,7,17,4
757721,110,-2638,7,13,0
757722,110,-2638,7,14,1
757723,110,-2638,7,15,2
757724,110,-2638,7,16,3
757725,110,-2638,7,17,4
757726,110,-2638,7,18,5
763564,110,-2622,7,12,0
775255,110,-2590,7,15,2
775256,110,-2590,7,16,3
775257,110,-2590,7,17,4
775258,110,-2590,7,18,5
789860,110,-2550,7,10,2
789861,110,-2550,7,11,1
789862,110,-2550,7,12,0
789863,110,-2550,7,13,0
789864,110,-2550,7,14,1
789865,110,-2550,7,15,1
798623,110,-2526,7,7,5
798624,110,-2526,7,8,4
798625,110,-2526,7,9,3
798626,110,-2526,7,10,3
798627,110,-2526,7,11,2
804468,110,-2510,7,8,5
804469,110,-2510,7,9,4
804470,110,-2510,7,10,3
804471,110,-2510,7,11,2
820184,110,-2467,7,18,4
820185,110,-2467,7,19,5
823107,110,-2459,7,19,5
830767,110,-2438,7,9,4
830768,110,-2438,7,10,3
837714,110,-2419,7,16,2
837715,110,-2419,7,17,3
837716,110,-2419,7,18,4
837717,110,-2419,7,19,5
845376,110,-2398,7,8,5
852321,110,-2379,7,13,0
852322,110,-2379,7,14,0
852323,110,-2379,7,15,1
852324,110,-2379,7,16,2
864014,110,-2347,7,18,3
864015,110,-2347,7,19,4
864016,110,-2347,7,20,5
866929,110,-2339,7,11,2
878620,110,-2307,7,14,0
878621,110,-2307,7,15,0
878622,110,-2307,7,16,1
878623,110,-2307,7,17,2
878624,110,-2307,7,18,3
887387,110,-2283,7,15,0
887388,110,-2283,7,16,1
893226,110,-2267,7,10,4
893227,110,-2267,7,11,3
893228,110,-2267,7,12,2
893229,110,-2267,7,13,1
893230,110,-2267,7,14,0
893231,110,-2267,7,15,0
907835,110,-2227,7,9,5
907836,110,-2227,7,10,4
926473,110,-2176,7,19,4
926474,110,-2176,7,20,5
928289,110,-2171,7,9,5
928290,110,-2171,7,10,4
934133,110,-2155,7,9,5
941078,110,-2136,7,14,1
941079,110,-2136,7,15,0
941080,110,-2136,7,16,0
941081,110,-2136,7,17,1
941082,110,-2136,7,18,2
941083,110,-2136,7,19,3
949844,110,-2112,7,14,1
949845,110,-2112,7,15,0
949846,110,-2112,7,16,0
949847,110,-2112,7,17,1
949848,110,-2112,7,18,2
949849,110,-2112,7,19,3
949850,110,-2112,7,20,4
949851,110,-2112,7,21,5
955686,110,-2096,7,12,3
955687,110,-2096,7,13,2
955688,110,-2096,7,14,1
955689,110,-2096,7,15,0
967380,110,-2064,7,18,2
967381,110,-2064,7,19,3
970294,110,-2056,7,10,5
970295,110,-2056,7,11,4
981985,110,-2024,7,13,2
981986,110,-2024,7,14,1
981987,110,-2024,7,15,0
981988,110,-2024,7,16,0
990748,110,-2000,7,10,5
990749,110,-2000,7,11,4
990750,110,-2000,7,12,3
990751,110,-2000,7,13,2
990752,110,-2000,7,14,1
996592,110,-1984,7,10,5
996593,110,-1984,7,11,4
996594,110,-1984,7,12,3
996595,110,-1984,7,13,2
996596,110,-1984,7,14,1
1003541,110,-1965,7,20,3
1003542,110,-1965,7,21,4
1012306,110,-1941,7,19,1
1012307,110,-1941,7,20,2
1012308,110,-1941,7,21,3
1012309,110,-1941,7,22,4
1012310,110,-1941,7,23,5
1015232,110,-1933,7,23,5
1029838,110,-1893,7,19,1
1029839,110,-1893,7,20,2
1029840,110,-1893,7,21,3
1029841,110,-1893,7,22,4
1029842,110,-1893,7,23,5
1044444,110,-1853,7,15,2
1044445,110,-1853,7,16,1
1044446,110,-1853,7,17,0
1044447,110,-1853,7,18,0
1044448,110,-1853,7,19,1
1044449,110,-1853,7,20,2
1053208,110,-1829,7,13,4
1053209,110,-1829,7,14,3
1059051,110,-1813,7,12,5
1059052,110,-1813,7,13,4
1059053,110,-1813,7,14,3
1059054,110,-1813,7,15,2
1070745,110,-1781,7,18,0
1077691,110,-1762,7,24,5
1085350,110,-1741,7,13,5
1085351,110,-1741,7,14,4
1085352,110,-1741,7,15,3
1085353,110,-1741,7,16,2
1092298,110,-1722,7,21,2
1092299,110,-1722,7,22,3
1092300,110,-1722,7,23,4
1092301,110,-1722,7,24,5
1099960,110,-1701,7,13,5
1099961,110,-1701,7,14,4
1106906,110,-1682,7,19,0
1106907,110,-1682,7,20,1
1118598,110,-1650,7,23,4
1118599,110,-1650,7,24,5
1133203,110,-1610,7,18,0
1133204,110,-1610,7,19,0
1133205,110,-1610,7,20,1
1133206,110,-1610,7,21,2
1133207,110,-1610,7,22,3
1133208,110,-1610,7,23,4
1141969,110,-1586,7,18,0
1141970,110,-1586,7,19,0
1141971,110,-1586,7,20,1
1141972,110,-1586,7,21,2
1141973,110,-1586,7,22,2
1147809,110,-1570,7,14,4
1147810,110,-1570,7,15,3
1147811,110,-1570,7,16,2
1147812,110,-1570,7,17,1
1147813,110,-1570,7,18,1
1147814,110,-1570,7,19,0
1162419,110,-1530,7,14,5
1162420,110,-1530,7,15,4
1163526,110,-1527,7,25,5
1174110,110,-1498,7,17,2
1181056,110,-1479,7,23,3
1181057,110,-1479,7,24,4
1181058,110,-1479,7,25,5
1182873,110,-1474,7,14,5
1182874,110,-1474,7,15,4
1182875,110,-1474,7,16,3
1188717,110,-1458,7,14,5
1188718,110,-1458,7,15,4
1195663,110,-1439,7,20,0
1195664,110,-1439,7,21,1
1195665,110,-1439,7,22,2
1195666,110,-1439,7,23,3
1195667,110,-1439,7,24,4
1204428,110,-1415,7,19,0
1204429,110,-1415,7,20,0
1204430,110,-1415,7,21,1
1204431,110,-1415,7,22,2
1204432,110,-1415,7,23,3
1204433,110,-1415,7,24,4
1204434,110,-1415,7,25,5
1210271,110,-1399,7,18,1
1210272,110,-1399,7,19,0
1221963,110,-1367,7,22,1
1221964,110,-1367,7,23,2
1221965,110,-1367,7,24,3
1221966,110,-1367,7,25,4
1236568,110,-1327,7,17,3
1236569,110,-1327,7,18,2
1236570,110,-1327,7,19,1
1236571,110,-1327,7,20,0
1236572,110,-1327,7,21,0
1236573,110,-1327,7,22,1
1245332,110,-1303,7,15,5
1245333,110,-1303,7,16,4
1245334,110,-1303,7,17,3
1251176,110,-1287,7,15,5
1251177,110,-1287,7,16,4
1251178,110,-1287,7,17,3
1251179,110,-1287,7,18,2
1266891,110,-1244,7,24,3
1266892,110,-1244,7,25,4
1266893,110,-1244,7,26,5
1269815,110,-1236,7,26,5
1277475,110,-1215,7,16,4
1284421,110,-1196,7,22,1
1284422,110,-1196,7,23,2
1284423,110,-1196,7,24,3
1284424,110,-1196,7,25,4
1284425,110,-1196,7,26,4
1284426,110,-1196,7,27,5
1299028,110,-1156,7,19,2
1299029,110,-1156,7,20,1
1299030,110,-1156,7,21,0
1299031,110,-1156,7,22,0
1299032,110,-1156,7,23,1
1310722,110,-1124,7,25,3
1310723,110,-1124,7,26,4
1313636,110,-1116,7,17,4
1313637,110,-1116,7,18,3
1313638,110,-1116,7,19,2
1325328,110,-1084,7,21,0
1325329,110,-1084,7,22,0
1325330,110,-1084,7,23,1
1334094,110,-1060,7,21,0
1334095,110,-1060,7,22,0
1339934,110,-1044,7,17,4
1339935,110,-1044,7,18,3
1339936,110,-1044,7,19,2
1339937,110,-1044,7,20,1
1339938,110,-1044,7,21,0
1346883,110,-1025,7,27,4
1346884,110,-1025,7,28,5
1354543,110,-1004,7,16,5
1354544,110,-1004,7,17,4
1355650,110,-1001,7,28,5
1373181,110,-953,7,27,3
1373182,110,-953,7,28,4
1373183,110,-953,7,29,5
1387787,110,-913,7,23,0
1387788,110,-913,7,24,0
1387789,110,-913,7,25,1
1387790,110,-913,7,26,2
1387791,110,-913,7,27,3
1396551,110,-889,7,21,2
1396552,110,-889,7,22,1
1396553,110,-889,7,23,0
1396554,110,-889,7,24,0
1396555,110,-889,7,25,1
1396556,110,-889,7,26,2
1396557,110,-889,7,27,3
1396558,110,-889,7,28,4
1402393,110,-873,7,19,4
1402394,110,-873,7,20,3
1402395,110,-873,7,21,2
1402396,110,-873,7,22,1
1402397,110,-873,7,23,0
1417002,110,-833,7,18,5
1417003,110,-833,7,19,4
1428693,110,-801,7,21,2
1428694,110,-801,7,22,2
1428695,110,-801,7,23,1
1435640,110,-782,7,28,3
1435641,110,-782,7,29,4
1435642,110,-782,7,30,5
1437456,110,-777,7,18,5
1437457,110,-777,7,19,5
1437458,110,-777,7,20,4
1437459,110,-777,7,21,3
1443301,110,-761,7,19,5
1443302,110,-761,7,20,4
1443303,110,-761,7,21,3
1450248,110,-742,7,26,1
1450249,110,-742,7,27,2
1450250,110,-742,7,28,3
1459013,110,-718,7,25,0
1459014,110,-718,7,26,1
1459015,110,-718,7,27,2
1459016,110,-718,7,28,3
1459017,110,-718,7,29,4
1459018,110,-718,7,30,5
1461940,110,-710,7,30,5
1464856,110,-702,7,24,0
1476546,110,-670,7,26,1
1476547,110,-670,7,27,2
1476548,110,-670,7,28,3
1476549,110,-670,7,29,4
1476550,110,-670,7,30,5
1491152,110,-630,7,22,2
1491153,110,-630,7,23,1
1491154,110,-630,7,24,0
1491155,110,-630,7,25,0
1491156,110,-630,7,26,1
1491157,110,-630,7,27,2
1499915,110,-606,7,19,5
1499916,110,-606,7,20,4
1505759,110,-590,7,19,5
1505760,110,-590,7,20,4
1505761,110,-590,7,21,3
1505762,110,-590,7,22,3
1524399,110,-539,7,31,5
1532059,110,-518,7,21,4
1532060,110,-518,7,22,3
1539005,110,-499,7,27,1
1539006,110,-499,7,28,2
1539007,110,-499,7,29,3
1539008,110,-499,7,30,4
1539009,110,-499,7,31,5
1547775,110,-475,7,31,5
1553613,110,-459,7,25,0
1553614,110,-459,7,26,0
1553615,110,-459,7,27,1
1565306,110,-427,7,30,4
1565307,110,-427,7,31,4
1565308,110,-427,8,1,5
1568220,110,-419,7,22,3
1568221,110,-419,7,23,2
1579911,110,-387,7,25,1
1579912,110,-387,7,26,0
1579913,110,-387,7,27,0
1579914,110,-387,7,28,1
1579915,110,-387,7,29,2
1588676,110,-363,7,24,2
1588677,110,-363,7,25,1
1588678,110,-363,7,26,0
1588679,110,-363,7,27,0
1588680,110,-363,7,28,1
1594517,110,-347,7,21,5
1594518,110,-347,7,22,4
1594519,110,-347,7,23,3
1594520,110,-347,7,24,2
1594521,110,-347,7,25,1
1594522,110,-347,7,26,0
1601468,110,-328,8,1,5
1609127,110,-307,7,21,5
1609128,110,-307,7,22,4
1610233,110,-304,7,31,4
1610234,110,-304,8,1,5
1627764,110,-256,7,30,3
1627765,110,-256,7,31,4
1627766,110,-256,8,1,5
1629581,110,-251,7,21,5
1642370,110,-216,7,26,0
1642371,110,-216,7,27,0
1642372,110,-216,7,28,1
1642373,110,-216,7,29,2
1642374,110,-216,7,30,2
1642375,110,-216,7,31,3
1651134,110,-192,7,24,2
1651135,110,-192,7,25,2
1651136,110,-192,7,26,1
1651137,110,-192,7,27,0
1651138,110,-192,7,28,0
1651139,110,-192,7,29,1
1651140,110,-192,7,30,2
1651141,110,-192,7,31,3
1651142,110,-192,8,1,4
1651143,110,-192,8,2,5
1654065,110,-184,8,2,5
1656978,110,-176,7,24,3
1656979,110,-176,7,25,2
1656980,110,-176,7,26,1
1668671,110,-144,7,29,1
1668672,110,-144,7,30,2
1671586,110,-136,7,22,5
1683277,110,-104,7,25,2
1683278,110,-104,7,26,1
1683279,110,-104,7,27,0
1683280,110,-104,7,28,0
1690225,110,-85,8,3,5
1692040,110,-80,7,22,5
1692041,110,-80,7,23,4
1697884,110,-64,7,22,5
1697885,110,-64,7,23,4
1697886,110,-64,7,24,3
1697887,110,-64,7,25,2
1704833,110,-45,8,1,3
1713598,110,-21,7,31,2
1713599,110,-21,8,1,3
1716524,110,-13,8,4,5
638642,310,-2964,7,5,5
638643,310,-2964,7,6,3
638644,310,-2964,7,7,2
638645,310,-2964,7,8,1
638646,310,-2964,7,9,2
638647,310,-2964,7,10,4
645592,310,-2945,7,16,2
653251,310,-2924,7,4,1
653252,310,-2924,7,5,3
653253,310,-2924,7,6,4
671889,310,-2873,7,15,5
671890,310,-2873,7,16,4
671891,310,-2873,7,17,2
686495,310,-2833,7,11,5
686496,310,-2833,7,12,3
686497,310,-2833,7,13,2
686498,310,-2833,7,14,1
686499,310,-2833,7,15,3
686500,310,-2833,7,16,4
695262,310,-2809,7,12,5
695263,310,-2809,7,13,5
695264,310,-2809,7,14,4
695265,310,-2809,7,15,4
695266,310,-2809,7,16,3
695267,310,-2809,7,17,3
701101,310,-2793,7,7,4
701102,310,-2793,7,8,2
701103,310,-2793,7,9,1
701104,310,-2793,7,10,2
701105,310,-2793,7,11,3
701106,310,-2793,7,12,5
712796,310,-2761,7,14,5
715710,310,-2753,7,6,2
715711,310,-2753,7,7,4
715712,310,-2753,7,8,5
727402,310,-2721,7,10,5
727403,310,-2721,7,11,3
727404,310,-2721,7,12,1
734349,310,-2702,7,17,3
734350,310,-2702,7,18,1
736165,310,-2697,7,7,4
736166,310,-2697,7,8,4
736167,310,-2697,7,9,4
736168,310,-2697,7,10,4
742009,310,-2681,7,7,2
742010,310,-2681,7,8,1
742011,310,-2681,7,9,2
748957,310,-2662,7,15,2
748958,310,-2662,7,16,4
748959,310,-2662,7,17,5
757721,310,-2638,7,13,4
757722,310,-2638,7,14,4
757723,310,-2638,7,15,4
757724,310,-2638,7,16,4
757725,310,-2638,7,17,4
757726,310,-2638,7,18,4
763564,310,-2622,7,12,4
775255,310,-2590,7,15,4
775256,310,-2590,7,16,2
775257,310,-2590,7,17,1
775258,310,-2590,7,18,2
789860,310,-2550,7,10,5
789861,310,-2550,7,11,3
789862,310,-2550,7,12,2
789863,310,-2550,7,13,1
789864,310,-2550,7,14,2
789865,310,-2550,7,15,4
798623,310,-2526,7,7,4
798624,310,-2526,7,8,4
798625,310,-2526,7,9,4
798626,310,-2526,7,10,5
798627,310,-2526,7,11,5
804468,310,-2510,7,8,1
804469,310,-2510,7,9,1
804470,310,-2510,7,10,3
804471,310,-2510,7,11,4
820184,310,-2467,7,18,4
820185,310,-2467,7,19,5
823107,310,-2459,7,19,5
830767,310,-2438,7,9,5
830768,310,-2438,7,10,3
837714,310,-2419,7,16,3
837715,310,-2419,7,17,1
837716,310,-2419,7,18,1
837717,310,-2419,7,19,3
845376,310,-2398,7,8,2
852321,310,-2379,7,13,1
852322,310,-2379,7,14,2
852323,310,-2379,7,15,3
852324,310,-2379,7,16,5
864014,310,-2347,7,18,5
864015,310,-2347,7,19,3
864016,310,-2347,7,20,2
866929,310,-2339,7,11,4
878620,310,-2307,7,14,5
878621,310,-2307,7,15,3
878622,310,-2307,7,16,1
878623,310,-2307,7,17,1
878624,310,-2307,7,18,3
887387,310,-2283,7,15,5
887388,310,-2283,7,16,5
893226,310,-2267,7,10,4
893227,310,-2267,7,11,2
893228,310,-2267,7,12,1
893229,310,-2267,7,13,2
893230,310,-2267,7,14,3
893231,310,-2267,7,15,5
907835,310,-2227,7,9,2
907836,310,-2227,7,10,4
926473,310,-2176,7,19,4
926474,310,-2176,7,20,2
928289,310,-2171,7,9,5
928290,310,-2171,7,10,4
934133,310,-2155,7,9,3
941078,310,-2136,7,14,5
941079,310,-2136,7,15,4
941080,310,-2136,7,16,2
941081,310,-2136,7,17,1
941082,310,-2136,7,18,2
941083,310,-2136,7,19,4
949844,310,-2112,7,14,5
949845,310,-2112,7,15,5
949846,310,-2112,7,16,4
949847,310,-2112,7,17,4
949848,310,-2112,7,18,4
949849,310,-2112,7,19,4
949850,310,-2112,7,20,4
949851,310,-2112,7,21,4
955686,310,-2096,7,12,1
955687,310,-2096,7,13,1
955688,310,-2096,7,14,3
955689,310,-2096,7,15,5
967380,310,-2064,7,18,4
967381,310,-2064,7,19,2
970294,310,-2056,7,10,3
970295,310,-2056,7,11,5
981985,310,-2024,7,13,5
981986,310,-2024,7,14,3
981987,310,-2024,7,15,2
981988,310,-2024,7,16,1
990748,310,-2000,7,10,4
990749,310,-2000,7,11,4
990750,310,-2000,7,12,4
990751,310,-2000,7,13,5
990752,310,-2000,7,14,5
996592,310,-1984,7,10,2
996593,310,-1984,7,11,1
996594,310,-1984,7,12,2
996595,310,-1984,7,13,3
996596,310,-1984,7,14,5
1003541,310,-1965,7,20,3
1003542,310,-1965,7,21,5
1012306,310,-1941,7,19,4
1012307,310,-1941,7,20,4
1012308,310,-1941,7,21,4
1012309,310,-1941,7,22,4
1012310,310,-1941,7,23,5
1015232,310,-1933,7,23,5
1029838,310,-1893,7,19,5
1029839,310,-1893,7,20,3
1029840,310,-1893,7,21,1
1029841,310,-1893,7,22,1
1029842,310,-1893,7,23,3
1044444,310,-1853,7,15,4
1044445,310,-1853,7,16,2
1044446,310,-1853,7,17,1
1044447,310,-1853,7,18,2
1044448,310,-1853,7,19,3
1044449,310,-1853,7,20,5
1053208,310,-1829,7,13,5
1053209,310,-1829,7,14,5
1059051,310,-1813,7,12,2
1059052,310,-1813,7,13,1
1059053,310,-1813,7,14,2
1059054,310,-1813,7,15,4
1070745,310,-1781,7,18,4
1077691,310,-1762,7,24,4
1085350,310,-1741,7,13,5
1085351,310,-1741,7,14,4
1085352,310,-1741,7,15,2
1085353,310,-1741,7,16,1
1092298,310,-1722,7,21,2
1092299,310,-1722,7,22,1
1092300,310,-1722,7,23,2
1092301,310,-1722,7,24,4
1099960,310,-1701,7,13,3
1099961,310,-1701,7,14,4
1106906,310,-1682,7,19,3
1106907,310,-1682,7,20,5
1118598,310,-1650,7,23,4
1118599,310,-1650,7,24,2
1133203,310,-1610,7,18,5
1133204,310,-1610,7,19,3
1133205,310,-1610,7,20,2
1133206,310,-1610,7,21,1
1133207,310,-1610,7,22,2
1133208,310,-1610,7,23,4
1141969,310,-1586,7,18,5
1141970,310,-1586,7,19,5
1141971,310,-1586,7,20,4
1141972,310,-1586,7,21,4
1141973,310,-1586,7,22,4
1147809,310,-1570,7,14,4
1147810,310,-1570,7,15,2
1147811,310,-1570,7,16,1
1147812,310,-1570,7,17,1
1147813,310,-1570,7,18,3
1147814,310,-1570,7,19,5
1162419,310,-1530,7,14,4
1162420,310,-1530,7,15,5
1163526,310,-1527,7,25,5
1174110,310,-1498,7,17,5
1181056,310,-1479,7,23,5
1181057,310,-1479,7,24,3
1181058,310,-1479,7,25,1
1182873,310,-1474,7,14,4
1182874,310,-1474,7,15,4
1182875,310,-1474,7,16,4
1188717,310,-1458,7,14,2
1188718,310,-1458,7,15,1
1195663,310,-1439,7,20,2
1195664,310,-1439,7,21,1
1195665,310,-1439,7,22,2
1195666,310,-1439,7,23,3
1195667,310,-1439,7,24,5
1204428,310,-1415,7,19,4
1204429,310,-1415,7,20,4
1204430,310,-1415,7,21,4
1204431,310,-1415,7,22,4
1204432,310,-1415,7,23,4
1204433,310,-1415,7,24,4
1204434,310,-1415,7,25,4
1210271,310,-1399,7,18,2
1210272,310,-1399,7,19,4
1221963,310,-1367,7,22,4
1221964,310,-1367,7,23,2
1221965,310,-1367,7,24,1
1221966,310,-1367,7,25,1
1236568,310,-1327,7,17,5
1236569,310,-1327,7,18,4
1236570,310,-1327,7,19,2
1236571,310,-1327,7,20,1
1236572,310,-1327,7,21,2
1236573,310,-1327,7,22,4
1245332,310,-1303,7,15,5
1245333,310,-1303,7,16,5
1245334,310,-1303,7,17,5
1251176,310,-1287,7,15,1
1251177,310,-1287,7,16,1
1251178,310,-1287,7,17,3
1251179,310,-1287,7,18,4
1266891,310,-1244,7,24,5
1266892,310,-1244,7,25,5
1266893,310,-1244,7,26,5
1269815,310,-1236,7,26,5
1277475,310,-1215,7,16,5
1284421,310,-1196,7,22,5
1284422,310,-1196,7,23,3
1284423,310,-1196,7,24,2
1284424,310,-1196,7,25,1
1284425,310,-1196,7,26,2
1284426,310,-1196,7,27,4
1299028,310,-1156,7,19,3
1299029,310,-1156,7,20,1
1299030,310,-1156,7,21,1
1299031,310,-1156,7,22,3
1299032,310,-1156,7,23,5
1310722,310,-1124,7,25,5
1310723,310,-1124,7,26,3
1313636,310,-1116,7,17,2
1313637,310,-1116,7,18,4
1313638,310,-1116,7,19,5
1325328,310,-1084,7,21,5
1325329,310,-1084,7,22,3
1325330,310,-1084,7,23,1
1334094,310,-1060,7,21,5
1334095,310,-1060,7,22,5
1339934,310,-1044,7,17,4
1339935,310,-1044,7,18,2
1339936,310,-1044,7,19,1
1339937,310,-1044,7,20,2
1339938,310,-1044,7,21,3
1346883,310,-1025,7,27,2
1346884,310,-1025,7,28,3
1354543,310,-1004,7,16,2
1354544,310,-1004,7,17,4
1355650,310,-1001,7,28,5
1373181,310,-953,7,27,4
1373182,310,-953,7,28,2
1373183,310,-953,7,29,1
1387787,310,-913,7,23,4
1387788,310,-913,7,24,2
1387789,310,-913,7,25,1
1387790,310,-913,7,26,2
1387791,310,-913,7,27,4
1396551,310,-889,7,21,5
1396552,310,-889,7,22,5
1396553,310,-889,7,23,4
1396554,310,-889,7,24,4
1396555,310,-889,7,25,4
1396556,310,-889,7,26,4
1396557,310,-889,7,27,4
1396558,310,-889,7,28,4
1402393,310,-873,7,19,3
1402394,310,-873,7,20,1
1402395,310,-873,7,21,1
1402396,310,-873,7,22,3
1402397,310,-873,7,23,4
1417002,310,-833,7,18,3
1417003,310,-833,7,19,5
1428693,310,-801,7,21,5
1428694,310,-801,7,22,3
1428695,310,-801,7,23,2
1435640,310,-782,7,28,3
1435641,310,-782,7,29,2
1435642,310,-782,7,30,1
1437456,310,-777,7,18,4
1437457,310,-777,7,19,5
1437458,310,-777,7,20,5
1437459,310,-777,7,21,5
1443301,310,-761,7,19,1
1443302,310,-761,7,20,1
1443303,310,-761,7,21,3
1450248,310,-742,7,26,1
1450249,310,-742,7,27,3
1450250,310,-742,7,28,5
1459013,310,-718,7,25,4
1459014,310,-718,7,26,4
1459015,310,-718,7,27,4
1459016,310,-718,7,28,5
1459017,310,-718,7,29,5
1459018,310,-718,7,30,5
1461940,310,-710,7,30,5
1464856,310,-702,7,24,5
1476546,310,-670,7,26,5
1476547,310,-670,7,27,3
1476548,310,-670,7,28,1
1476549,310,-670,7,29,1
1476550,310,-670,7,30,3
1491152,310,-630,7,22,4
1491153,310,-630,7,23,2
1491154,310,-630,7,24,1
1491155,310,-630,7,25,2
1491156,310,-630,7,26,3
1491157,310,-630,7,27,5
1499915,310,-606,7,19,5
1499916,310,-606,7,20,5
1505759,310,-590,7,19,2
1505760,310,-590,7,20,1
1505761,310,-590,7,21,2
1505762,310,-590,7,22,4
1524399,310,-539,7,31,4
1532059,310,-518,7,21,4
1532060,310,-518,7,22,2
1539005,310,-499,7,27,4
1539006,310,-499,7,28,2
1539007,310,-499,7,29,1
1539008,310,-499,7,30,2
1539009,310,-499,7,31,4
1547775,310,-475,7,31,5
1553613,310,-459,7,25,1
1553614,310,-459,7,26,3
1553615,310,-459,7,27,4
1565306,310,-427,7,30,4
1565307,310,-427,7,31,2
1565308,310,-427,8,1,1
1568220,310,-419,7,22,3
1568221,310,-419,7,23,5
1579911,310,-387,7,25,5
1579912,310,-387,7,26,3
1579913,310,-387,7,27,2
1579914,310,-387,7,28,1
1579915,310,-387,7,29,2
1588676,310,-363,7,24,5
1588677,310,-363,7,25,5
1588678,310,-363,7,26,5
1588679,310,-363,7,27,4
1588680,310,-363,7,28,4
1594517,310,-347,7,21,4
1594518,310,-347,7,22,3
1594519,310,-347,7,23,1
1594520,310,-347,7,24,1
1594521,310,-347,7,25,3
1594522,310,-347,7,26,5
1601468,310,-328,8,1,5
1609127,310,-307,7,21,3
1609128,310,-307,7,22,5
1610233,310,-304,7,31,5
1610234,310,-304,8,1,4
1627764,310,-256,7,30,5
1627765,310,-256,7,31,3
1627766,310,-256,8,1,1
1629581,310,-251,7,21,5
1642370,310,-216,7,26,4
1642371,310,-216,7,27,2
1642372,310,-216,7,28,1
1642373,310,-216,7,29,2
1642374,310,-216,7,30,3
1642375,310,-216,7,31,5
1651134,310,-192,7,24,5
1651135,310,-192,7,25,5
1651136,310,-192,7,26,4
1651137,310,-192,7,27,4
1651138,310,-192,7,28,4
1651139,310,-192,7,29,4
1651140,310,-192,7,30,4
1651141,310,-192,7,31,5
1651142,310,-192,8,1,5
1651143,310,-192,8,2,5
1654065,310,-184,8,2,5
1656978,310,-176,7,24,1
1656979,310,-176,7,25,2
1656980,310,-176,7,26,4
1668671,310,-144,7,29,4
1668672,310,-144,7,30,3
1671586,310,-136,7,22,4
1683277,310,-104,7,25,4
1683278,310,-104,7,26,2
1683279,310,-104,7,27,1
1683280,310,-104,7,28,2
1690225,310,-85,8,3,1
1692040,310,-80,7,22,5
1692041,310,-80,7,23,5
1697884,310,-64,7,22,1
1697885,310,-64,7,23,1
1697886,310,-64,7,24,2
1697887,310,-64,7,25,4
1704833,310,-45,8,1,4
1713598,310,-21,7,31,5
1713599,310,-21,8,1,5
1716524,310,-13,8,4,4
638642,410,-2964,7,5,1
638643,410,-2964,7,6,1
638644,410,-2964,7,7,2
638645,410,-2964,7,8,3
638646,410,-2964,7,9,4
638647,410,-2964,7,10,5
645592,410,-2945,7,16,5
653251,410,-2924,7,4,1
653252,410,-2924,7,5,2
653253,410,-2924,7,6,3
671889,410,-2873,7,15,1
671890,410,-2873,7,16,0
671891,410,-2873,7,17,1
686495,410,-2833,7,11,3
686496,410,-2833,7,12,2
686497,410,-2833,7,13,1
686498,410,-2833,7,14,0
686499,410,-2833,7,15,1
686500,410,-2833,7,16,2
695262,410,-2809,7,12,0
695263,410,-2809,7,13,1
695264,410,-2809,7,14,2
695265,410,-2809,7,15,3
695266,410,-2809,7,16,4
695267,410,-2809,7,17,5
701101,410,-2793,7,7,5
701102,410,-2793,7,8,4
701103,410,-2793,7,9,3
701104,410,-2793,7,10,1
701105,410,-2793,7,11,1
701106,410,-2793,7,12,1
712796,410,-2761,7,14,5
715710,410,-2753,7,6,3
715711,410,-2753,7,7,2
715712,410,-2753,7,8,1
727402,410,-2721,7,10,3
727403,410,-2721,7,11,4
727404,410,-2721,7,12,5
734349,410,-2702,7,17,5
734350,410,-2702,7,18,4
736165,410,-2697,7,7,1
736166,410,-2697,7,8,2
736167,410,-2697,7,9,4
736168,410,-2697,7,10,5
742009,410,-2681,7,7,2
742010,410,-2681,7,8,3
742011,410,-2681,7,9,5
748957,410,-2662,7,15,4
748958,410,-2662,7,16,3
748959,410,-2662,7,17,2
757721,410,-2638,7,13,5
757722,410,-2638,7,14,4
757723,410,-2638,7,15,3
757724,410,-2638,7,16,2
757725,410,-2638,7,17,0
757726,410,-2638,7,18,0
763564,410,-2622,7,12,5
775255,410,-2590,7,15,0
775256,410,-2590,7,16,1
775257,410,-2590,7,17,2
775258,410,-2590,7,18,4
789860,410,-2550,7,10,3
789861,410,-2550,7,11,1
789862,410,-2550,7,12,1
789863,410,-2550,7,13,1
789864,410,-2550,7,14,2
789865,410,-2550,7,15,3
798623,410,-2526,7,7,5
798624,410,-2526,7,8,3
798625,410,-2526,7,9,2
798626,410,-2526,7,10,1
798627,410,-2526,7,11,0
804468,410,-2510,7,8,2
804469,410,-2510,7,9,1
804470,410,-2510,7,10,0
804471,410,-2510,7,11,1
820184,410,-2467,7,18,5
820185,410,-2467,7,19,4
823107,410,-2459,7,19,4
830767,410,-2438,7,9,3
830768,410,-2438,7,10,5
837714,410,-2419,7,16,4
837715,410,-2419,7,17,3
837716,410,-2419,7,18,2
837717,410,-2419,7,19,1
845376,410,-2398,7,8,5
852321,410,-2379,7,13,5
852322,410,-2379,7,14,4
852323,410,-2379,7,15,3
852324,410,-2379,7,16,2
864014,410,-2347,7,18,2
864015,410,-2347,7,19,4
864016,410,-2347,7,20,5
866929,410,-2339,7,11,5
878620,410,-2307,7,14,1
878621,410,-2307,7,15,2
878622,410,-2307,7,16,3
878623,410,-2307,7,17,4
878624,410,-2307,7,18,5
887387,410,-2283,7,15,3
887388,410,-2283,7,16,4
893226,410,-2267,7,10,1
893227,410,-2267,7,11,0
893228,410,-2267,7,12,1
893229,410,-2267,7,13,2
893230,410,-2267,7,14,3
893231,410,-2267,7,15,4
907835,410,-2227,7,9,1
907836,410,-2227,7,10,1
926473,410,-2176,7,19,2
926474,410,-2176,7,20,1
928289,410,-2171,7,9,4
928290,410,-2171,7,10,5
934133,410,-2155,7,9,5
941078,410,-2136,7,14,5
941079,410,-2136,7,15,4
941080,410,-2136,7,16,3
941081,410,-2136,7,17,2
941082,410,-2136,7,18,1
941083,410,-2136,7,19,0
949844,410,-2112,7,14,4
949845,410,-2112,7,15,2
949846,410,-2112,7,16,1
949847,410,-2112,7,17,0
949848,410,-2112,7,18,1
949849,410,-2112,7,19,2
949850,410,-2112,7,20,3
949851,410,-2112,7,21,4
955686,410,-2096,7,12,5
955687,410,-2096,7,13,4
955688,410,-2096,7,14,2
955689,410,-2096,7,15,1
967380,410,-2064,7,18,4
967381,410,-2064,7,19,5
970294,410,-2056,7,10,5
970295,410,-2056,7,11,3
981985,410,-2024,7,13,1
981986,410,-2024,7,14,2
981987,410,-2024,7,15,3
981988,410,-2024,7,16,4
990748,410,-2000,7,10,1
990749,410,-2000,7,11,1
990750,410,-2000,7,12,1
990751,410,-2000,7,13,2
990752,410,-2000,7,14,4
996592,410,-1984,7,10,0
996593,410,-1984,7,11,1
996594,410,-1984,7,12,2
996595,410,-1984,7,13,4
996596,410,-1984,7,14,5
1003541,410,-1965,7,20,5
1003542,410,-1965,7,21,4
1012306,410,-1941,7,19,5
1012307,410,-1941,7,20,4
1012308,410,-1941,7,21,3
1012309,410,-1941,7,22,1
1012310,410,-1941,7,23,0
1015232,410,-1933,7,23,0
1029838,410,-1893,7,19,2
1029839,410,-1893,7,20,1
1029840,410,-1893,7,21,0
1029841,410,-1893,7,22,1
1029842,410,-1893,7,23,3
1044444,410,-1853,7,15,4
1044445,410,-1853,7,16,3
1044446,410,-1853,7,17,1
1044447,410,-1853,7,18,0
1044448,410,-1853,7,19,1
1044449,410,-1853,7,20,2
1053208,410,-1829,7,13,4
1053209,410,-1829,7,14,3
1059051,410,-1813,7,12,5
1059052,410,-1813,7,13,3
1059053,410,-1813,7,14,2
1059054,410,-1813,7,15,1
1070745,410,-1781,7,18,4
1077691,410,-1762,7,24,5
1085350,410,-1741,7,13,1
1085351,410,-1741,7,14,2
1085352,410,-1741,7,15,4
1085353,410,-1741,7,16,5
1092298,410,-1722,7,21,5
1092299,410,-1722,7,22,4
1092300,410,-1722,7,23,3
1092301,410,-1722,7,24,2
1099960,410,-1701,7,13,4
1099961,410,-1701,7,14,5
1106906,410,-1682,7,19,5
1106907,410,-1682,7,20,4
1118598,410,-1650,7,23,1
1118599,410,-1650,7,24,3
1133203,410,-1610,7,18,1
1133204,410,-1610,7,19,0
1133205,410,-1610,7,20,1
1133206,410,-1610,7,21,2
1133207,410,-1610,7,22,3
1133208,410,-1610,7,23,4
1141969,410,-1586,7,18,0
1141970,410,-1586,7,19,1
1141971,410,-1586,7,20,2
1141972,410,-1586,7,21,3
1141973,410,-1586,7,22,5
1147809,410,-1570,7,14,3
1147810,410,-1570,7,15,2
1147811,410,-1570,7,16,1
1147812,410,-1570,7,17,0
1147813,410,-1570,7,18,1
1147814,410,-1570,7,19,2
1162419,410,-1530,7,14,1
1162420,410,-1530,7,15,1
1163526,410,-1527,7,25,5
1174110,410,-1498,7,17,5
1181056,410,-1479,7,23,4
1181057,410,-1479,7,24,3
1181058,410,-1479,7,25,2
1182873,410,-1474,7,14,3
1182874,410,-1474,7,15,4
1182875,410,-1474,7,16,5
1188717,410,-1458,7,14,4
1188718,410,-1458,7,15,5
1195663,410,-1439,7,20,5
1195664,410,-1439,7,21,4
1195665,410,-1439,7,22,3
1195666,410,-1439,7,23,2
1195667,410,-1439,7,24,0
1204428,410,-1415,7,19,5
1204429,410,-1415,7,20,3
1204430,410,-1415,7,21,2
1204431,410,-1415,7,22,1
1204432,410,-1415,7,23,0
1204433,410,-1415,7,24,1
1204434,410,-1415,7,25,2
1210271,410,-1399,7,18,5
1210272,410,-1399,7,19,4
1221963,410,-1367,7,22,2
1221964,410,-1367,7,23,3
1221965,410,-1367,7,24,4
1221966,410,-1367,7,25,5
1236568,410,-1327,7,17,1
1236569,410,-1327,7,18,0
1236570,410,-1327,7,19,1
1236571,410,-1327,7,20,2
1236572,410,-1327,7,21,3
1236573,410,-1327,7,22,4
1245332,410,-1303,7,15,2
1245333,410,-1303,7,16,1
1245334,410,-1303,7,17,1
1251176,410,-1287,7,15,1
1251177,410,-1287,7,16,1
1251178,410,-1287,7,17,1
1251179,410,-1287,7,18,2
1266891,410,-1244,7,24,5
1266892,410,-1244,7,25,4
1266893,410,-1244,7,26,2
1269815,410,-1236,7,26,2
1277475,410,-1215,7,16,5
1284421,410,-1196,7,22,4
1284422,410,-1196,7,23,3
1284423,410,-1196,7,24,2
1284424,410,-1196,7,25,1
1284425,410,-1196,7,26,0
1284426,410,-1196,7,27,1
1299028,410,-1156,7,19,5
1299029,410,-1156,7,20,4
1299030,410,-1156,7,21,2
1299031,410,-1156,7,22,1
1299032,410,-1156,7,23,0
1310722,410,-1124,7,25,4
1310723,410,-1124,7,26,5
1313636,410,-1116,7,17,4
1313637,410,-1116,7,18,3
1313638,410,-1116,7,19,2
1325328,410,-1084,7,21,2
1325329,410,-1084,7,22,3
1325330,410,-1084,7,23,4
1334094,410,-1060,7,21,4
1334095,410,-1060,7,22,5
1339934,410,-1044,7,17,1
1339935,410,-1044,7,18,1
1339936,410,-1044,7,19,2
1339937,410,-1044,7,20,4
1339938,410,-1044,7,21,5
1346883,410,-1025,7,27,5
1346884,410,-1025,7,28,4
1354543,410,-1004,7,16,2
1354544,410,-1004,7,17,3
1355650,410,-1001,7,28,2
1373181,410,-953,7,27,1
1373182,410,-953,7,28,0
1373183,410,-953,7,29,1
1387787,410,-913,7,23,2
1387788,410,-913,7,24,1
1387789,410,-913,7,25,0
1387790,410,-913,7,26,1
1387791,410,-913,7,27,2
1396551,410,-889,7,21,3
1396552,410,-889,7,22,2
1396553,410,-889,7,23,1
1396554,410,-889,7,24,0
1396555,410,-889,7,25,1
1396556,410,-889,7,26,2
1396557,410,-889,7,27,4
1396558,410,-889,7,28,5
1402393,410,-873,7,19,4
1402394,410,-873,7,20,3
1402395,410,-873,7,21,2
1402396,410,-873,7,22,1
1402397,410,-873,7,23,0
1417002,410,-833,7,18,3
1417003,410,-833,7,19,2
1428693,410,-801,7,21,2
1428694,410,-801,7,22,4
1428695,410,-801,7,23,5
1435640,410,-782,7,28,5
1435641,410,-782,7,29,4
1435642,410,-782,7,30,3
1437456,410,-777,7,18,1
1437457,410,-777,7,19,2
1437458,410,-777,7,20,3
1437459,410,-777,7,21,4
1443301,410,-761,7,19,3
1443302,410,-761,7,20,4
1443303,410,-761,7,21,5
1450248,410,-742,7,26,5
1450249,410,-742,7,27,4
1450250,410,-742,7,28,3
1459013,410,-718,7,25,5
1459014,410,-718,7,26,3
1459015,410,-718,7,27,2
1459016,410,-718,7,28,1
1459017,410,-718,7,29,0
1459018,410,-718,7,30,1
1461940,410,-710,7,30,1
1464856,410,-702,7,24,5
1476546,410,-670,7,26,0
1476547,410,-670,7,27,1
1476548,410,-670,7,28,2
1476549,410,-670,7,29,3
1476550,410,-670,7,30,4
1491152,410,-630,7,22,2
1491153,410,-630,7,23,1
1491154,410,-630,7,24,0
1491155,410,-630,7,25,1
1491156,410,-630,7,26,2
1491157,410,-630,7,27,3
1499915,410,-606,7,19,4
1499916,410,-606,7,20,3
1505759,410,-590,7,19,3
1505760,410,-590,7,20,2
1505761,410,-590,7,21,1
1505762,410,-590,7,22,1
1524399,410,-539,7,31,3
1532059,410,-518,7,21,4
1532060,410,-518,7,22,5
1539005,410,-499,7,27,5
1539006,410,-499,7,28,4
1539007,410,-499,7,29,3
1539008,410,-499,7,30,1
1539009,410,-499,7,31,0
1547775,410,-475,7,31,1
1553613,410,-459,7,25,5
1553614,410,-459,7,26,3
1553615,410,-459,7,27,2
1565306,410,-427,7,30,3
1565307,410,-427,7,31,4
1565308,410,-427,8,1,5
1568220,410,-419,7,22,5
1568221,410,-419,7,23,4
1579911,410,-387,7,25,0
1579912,410,-387,7,26,1
1579913,410,-387,7,27,2
1579914,410,-387,7,28,3
1579915,410,-387,7,29,5
1588676,410,-363,7,24,1
1588677,410,-363,7,25,2
1588678,410,-363,7,26,3
1588679,410,-363,7,27,4
1588680,410,-363,7,28,5
1594517,410,-347,7,21,2
1594518,410,-347,7,22,1
1594519,410,-347,7,23,1
1594520,410,-347,7,24,1
1594521,410,-347,7,25,3
1594522,410,-347,7,26,4
1601468,410,-328,8,1,5
1609127,410,-307,7,21,1
1609128,410,-307,7,22,2
1610233,410,-304,7,31,5
1610234,410,-304,8,1,4
1627764,410,-256,7,30,3
1627765,410,-256,7,31,1
1627766,410,-256,8,1,0
1629581,410,-251,7,21,4
1642370,410,-216,7,26,5
1642371,410,-216,7,27,3
1642372,410,-216,7,28,2
1642373,410,-216,7,29,1
1642374,410,-216,7,30,0
1642375,410,-216,7,31,1
1651134,410,-192,7,24,5
1651135,410,-192,7,25,4
1651136,410,-192,7,26,3
1651137,410,-192,7,27,2
1651138,410,-192,7,28,1
1651139,410,-192,7,29,0
1651140,410,-192,7,30,1
1651141,410,-192,7,31,2
1651142,410,-192,8,1,4
1651143,410,-192,8,2,5
1654065,410,-184,8,2,5
1656978,410,-176,7,24,4
1656979,410,-176,7,25,3
1656980,410,-176,7,26,2
1668671,410,-144,7,29,3
1668672,410,-144,7,30,5
1671586,410,-136,7,22,4
1683277,410,-104,7,25,1
1683278,410,-104,7,26,3
1683279,410,-104,7,27,4
1683280,410,-104,7,28,5
1690225,410,-85,8,3,5
1692040,410,-80,7,22,1
1692041,410,-80,7,23,1
1697884,410,-64,7,22,1
1697885,410,-64,7,23,2
1697886,410,-64,7,24,3
1697887,410,-64,7,25,4
1704833,410,-45,8,1,5
1713598,410,-21,7,31,4
1713599,410,-21,8,1,3
1716524,410,-13,8,4,1
